{"text": " Deine Chat sind privat und verlassen nie dein Ger\u00e4t. GPT vor allem basiert auf Privacy und Security First. Verwendet eine LLMs f\u00fcr sensible Daten ohne Angst haben zu m\u00fcssen, dass sie dein Ger\u00e4t verlassen.", "segments": [{"id": 0, "seek": 0, "start": 0.0, "end": 4.24, "text": " Deine Chat sind privat und verlassen nie dein Ger\u00e4t.", "tokens": [50364, 1346, 533, 27503, 3290, 31856, 674, 19441, 8356, 2838, 25641, 9409, 3628, 13, 50576], "temperature": 0.0, "avg_logprob": -0.4202368784759004, "compression_ratio": 1.3081761006289307, "no_speech_prob": 0.04225017875432968}, {"id": 1, "seek": 0, "start": 4.24, "end": 9.64, "text": " GPT vor allem basiert auf Privacy und Security First.", "tokens": [50576, 26039, 51, 4245, 17585, 987, 4859, 2501, 39691, 2551, 674, 11164, 2386, 13, 50846], "temperature": 0.0, "avg_logprob": -0.4202368784759004, "compression_ratio": 1.3081761006289307, "no_speech_prob": 0.04225017875432968}, {"id": 2, "seek": 0, "start": 9.64, "end": 16.68, "text": " Verwendet eine LLMs f\u00fcr sensible Daten ohne Angst haben zu m\u00fcssen, dass sie dein Ger\u00e4t", "tokens": [50846, 4281, 20128, 302, 3018, 441, 43, 26386, 2959, 25380, 31126, 15716, 28622, 3084, 2164, 9013, 11, 2658, 2804, 25641, 9409, 3628, 51198], "temperature": 0.0, "avg_logprob": -0.4202368784759004, "compression_ratio": 1.3081761006289307, "no_speech_prob": 0.04225017875432968}, {"id": 3, "seek": 0, "start": 16.68, "end": 17.0, "text": " verlassen.", "tokens": [51198, 19441, 8356, 13, 51214], "temperature": 0.0, "avg_logprob": -0.4202368784759004, "compression_ratio": 1.3081761006289307, "no_speech_prob": 0.04225017875432968}], "language": "de"}